trader_id,category,state,months_active,archetype,avg_daily_transactions,avg_transaction_amount,trade_days_per_week,supplier_diversity,payment_regularity,dispute_rate,total_transactions,total_volume_ngn,avg_weekly_volume,volume_growth_rate,credit_score,credit_tier
synthetic_0000,agriculture,Lagos,1,low,0.87,1127.92,1.31,3,0.518,0.063,4,4511.68,1049.23,-0.106,208,low
synthetic_0001,agriculture,Kaduna,18,medium,3.35,5616.48,5.61,3,0.709,0.047,1454,8166361.92,105508.55,0.094,665,high
synthetic_0002,food,Kano,12,low,1.71,3783.79,2.61,2,0.274,0.094,230,870271.7,16865.73,-0.078,391,low
synthetic_0003,electronics,Lagos,8,ghost,0.19,508.07,0.83,0,0.093,0.163,5,2540.35,73.85,-0.117,21,unscored
synthetic_0004,clothing,Oyo,24,medium,3.39,5509.32,5.78,7,0.667,0.075,2022,11139845.04,107944.23,0.066,682,high
synthetic_0005,clothing,Oyo,23,medium,3.97,7143.21,5.74,5,0.543,0.031,2253,16093652.13,162726.51,0.031,649,medium
synthetic_0006,transport,Rivers,12,medium,4.99,8623.84,3.27,2,0.758,0.032,841,7252649.44,140555.22,0.052,623,medium
synthetic_0007,electronics,Oyo,1,low,0.67,4481.55,3.25,3,0.352,0.094,9,40333.95,9379.99,-0.006,190,low
synthetic_0008,transport,Enugu,6,medium,2.32,10128.9,5.53,6,0.683,0.032,331,3352665.9,129948.29,0.031,700,high
synthetic_0009,food,Lagos,12,ghost,0.42,376.76,0.06,2,0.237,0.126,1,376.76,7.3,-0.07,67,unscored
synthetic_0010,clothing,Kaduna,16,ghost,0.08,574.91,0.61,0,0.232,0.327,3,1724.73,25.07,-0.098,0,unscored
synthetic_0011,artisan,Lagos,8,medium,3.01,9648.01,3.69,3,0.502,0.077,382,3685539.82,107137.79,-0.04,590,medium
synthetic_0012,transport,Anambra,9,low,0.82,1095.4,3.81,3,0.423,0.086,120,131448.0,3396.59,-0.131,314,low
synthetic_0013,agriculture,Lagos,22,low,1.47,772.76,3.18,1,0.325,0.079,442,341559.92,3610.57,-0.094,360,low
synthetic_0014,food,Rivers,18,high,7.91,29326.46,5.03,6,0.982,0.042,3079,90296170.34,1166617.19,0.083,781,high
synthetic_0015,artisan,Kano,15,medium,4.09,11496.57,5.35,7,0.716,0.032,1411,16221660.27,251498.61,0.095,710,high
synthetic_0016,agriculture,Kano,2,high,6.86,46372.42,6.06,5,0.99,0.004,357,16554953.94,1924994.64,0.087,805,high
synthetic_0017,clothing,Oyo,20,high,4.49,34581.79,6.13,10,0.984,0.01,2367,81855096.93,951803.45,0.193,850,high
synthetic_0018,electronics,Rivers,11,ghost,0.47,108.38,0.62,2,0.249,0.122,13,1408.94,29.79,-0.036,102,unscored
synthetic_0019,clothing,Rivers,18,low,1.42,4942.55,2.96,1,0.45,0.133,325,1606328.75,20753.6,0.026,413,medium
synthetic_0020,food,Kaduna,18,high,5.69,14478.33,5.69,15,0.909,0.013,2505,36268216.65,468581.61,0.148,790,high
synthetic_0021,food,Kano,5,low,0.89,3835.54,2.66,2,0.418,0.067,50,191777.0,8919.86,-0.12,252,low
synthetic_0022,electronics,Oyo,18,high,4.76,18871.63,6.8,5,0.975,0.011,2505,47273433.15,610767.87,0.1,770,high
synthetic_0023,clothing,Anambra,6,ghost,0.41,893.27,0.02,2,0.231,0.335,0,0.0,0.0,-0.226,34,unscored
synthetic_0024,clothing,Enugu,23,high,9.23,43636.7,5.44,12,0.837,0.041,4965,216656215.5,2190659.41,0.224,769,high
synthetic_0025,electronics,Kano,21,medium,4.04,12967.6,3.99,2,0.535,0.098,1455,18867858.0,208946.38,0.094,573,medium
synthetic_0026,artisan,Kano,24,low,1.15,4929.06,1.35,3,0.307,0.057,160,788649.6,7641.95,0.011,335,low
synthetic_0027,clothing,Kano,14,high,7.99,19859.0,5.63,6,0.93,0.015,2708,53778172.0,893325.12,0.112,757,high
synthetic_0028,clothing,Anambra,14,low,1.07,3866.61,1.52,3,0.34,0.132,97,375061.17,6230.25,-0.064,233,low
synthetic_0029,artisan,Kaduna,7,medium,4.38,14477.82,5.21,7,0.525,0.061,686,9931784.52,329959.62,0.0,625,medium
synthetic_0030,agriculture,Kano,8,low,0.72,707.96,3.95,3,0.505,0.061,97,68672.12,1996.28,-0.111,317,low
synthetic_0031,agriculture,Kaduna,1,ghost,0.43,896.92,0.78,0,0.044,0.387,1,896.92,208.59,-0.045,0,unscored
synthetic_0032,artisan,Anambra,15,low,1.98,3179.54,3.85,2,0.434,0.158,491,1561154.14,24203.94,-0.04,445,medium
synthetic_0033,electronics,Enugu,8,low,0.92,3999.54,2.45,1,0.332,0.062,77,307964.58,8952.46,-0.086,219,low
synthetic_0034,clothing,Anambra,8,medium,2.46,4781.39,4.24,4,0.663,0.053,358,1711737.62,49759.81,0.013,628,medium
synthetic_0035,transport,Rivers,16,high,6.11,38906.38,6.71,11,0.885,0.037,2820,109715991.6,1594709.18,0.21,776,high
synthetic_0036,artisan,Lagos,13,medium,4.04,7256.12,3.5,5,0.776,0.098,790,5732334.8,102546.24,0.086,676,high
synthetic_0037,artisan,Anambra,2,medium,2.98,7911.09,4.01,5,0.583,0.096,102,806931.18,93829.21,0.075,522,medium
synthetic_0038,food,Kano,8,low,1.67,3432.9,3.26,1,0.31,0.053,187,641952.3,18661.4,-0.016,386,low
synthetic_0039,electronics,Anambra,20,low,1.62,1015.4,3.46,2,0.282,0.054,482,489422.8,5690.96,0.042,383,low
synthetic_0040,agriculture,Anambra,3,low,1.75,1592.82,3.09,2,0.505,0.14,69,109904.58,8519.73,0.007,269,low
synthetic_0041,transport,Kaduna,11,high,6.52,27059.08,5.87,10,0.909,0.041,1810,48976934.8,1035453.17,0.191,804,high
synthetic_0042,electronics,Oyo,18,low,1.2,4215.81,2.78,2,0.506,0.175,258,1087678.98,14052.7,-0.101,407,medium
synthetic_0043,food,Rivers,11,high,5.27,40902.46,5.68,14,0.925,0.014,1415,57876980.9,1223614.82,0.052,796,high
synthetic_0044,artisan,Oyo,8,low,1.47,2708.7,3.38,1,0.338,0.111,170,460479.0,13386.02,-0.076,319,low
synthetic_0045,transport,Kano,12,low,0.91,1631.32,1.36,1,0.345,0.161,63,102773.16,1991.73,-0.112,211,low
synthetic_0046,electronics,Kaduna,19,ghost,0.26,354.7,0.1,0,0.074,0.208,2,709.4,8.68,-0.286,0,unscored
synthetic_0047,clothing,Kaduna,16,high,4.07,17795.27,5.96,10,0.796,0.003,1668,29682510.36,431431.84,0.238,777,high
synthetic_0048,food,Oyo,21,low,0.73,4150.14,3.85,1,0.548,0.068,253,1049985.42,11627.75,0.008,434,medium
synthetic_0049,artisan,Kano,19,ghost,0.15,658.92,0.61,2,0.025,0.329,7,4612.44,56.46,-0.228,0,unscored
synthetic_0050,transport,Lagos,6,high,6.7,31721.5,5.58,8,0.822,0.014,964,30579526.0,1185252.95,0.222,758,high
synthetic_0051,clothing,Rivers,4,medium,3.94,13809.35,5.48,2,0.518,0.083,371,5123268.85,297864.47,0.074,567,medium
synthetic_0052,artisan,Kaduna,10,low,1.91,2752.12,2.48,1,0.429,0.183,203,558680.36,12992.57,-0.145,362,low
synthetic_0053,transport,Lagos,22,low,1.36,3933.99,1.53,3,0.445,0.187,196,771062.04,8150.76,-0.023,341,low
synthetic_0054,food,Rivers,12,medium,2.96,3359.8,3.48,5,0.708,0.043,531,1784053.8,34574.69,0.072,602,medium
synthetic_0055,artisan,Enugu,17,low,0.5,4412.15,2.39,1,0.306,0.104,87,383857.05,5251.12,0.002,230,low
synthetic_0056,transport,Anambra,10,medium,4.09,3578.54,5.92,6,0.74,0.077,1041,3725260.14,86633.96,-0.048,705,high
synthetic_0057,food,Kaduna,5,medium,4.15,8615.34,3.82,5,0.794,0.039,340,2929215.6,136242.59,0.008,678,high
synthetic_0058,clothing,Enugu,3,medium,4.37,7394.25,5.8,6,0.58,0.02,326,2410525.5,186862.44,0.076,673,high
synthetic_0059,artisan,Kano,11,low,1.32,2549.05,1.97,1,0.544,0.086,122,310984.1,6574.72,-0.068,313,low
synthetic_0060,artisan,Kaduna,13,medium,3.99,12669.72,5.94,5,0.789,0.03,1324,16774709.28,300084.24,-0.0,742,high
synthetic_0061,food,Kaduna,5,medium,3.96,4006.7,4.41,4,0.602,0.075,375,1502512.5,69884.3,0.078,637,medium
synthetic_0062,artisan,Kano,21,low,1.64,4425.72,1.11,1,0.32,0.153,164,725818.08,8037.85,-0.132,280,low
synthetic_0063,food,Rivers,6,low,1.86,706.96,3.39,2,0.358,0.115,162,114527.52,4439.05,-0.014,304,low
synthetic_0064,clothing,Lagos,20,ghost,0.31,316.75,0.91,0,0.058,0.291,24,7602.0,88.4,-0.16,0,unscored
synthetic_0065,food,Rivers,12,ghost,0.15,965.83,0.69,1,0.211,0.16,5,4829.15,93.59,-0.128,74,unscored
synthetic_0066,transport,Kano,23,medium,4.93,10556.99,3.82,6,0.76,0.082,1862,19657115.38,198757.49,0.087,697,high
synthetic_0067,clothing,Oyo,12,medium,2.57,5258.15,5.27,7,0.704,0.031,698,3670188.7,71127.69,0.044,685,high
synthetic_0068,food,Oyo,12,low,0.64,1828.0,3.24,1,0.31,0.168,106,193768.0,3755.19,-0.05,249,low
synthetic_0069,artisan,Enugu,10,low,1.01,1018.26,3.89,1,0.476,0.084,168,171067.68,3978.32,-0.071,400,medium
synthetic_0070,transport,Kano,3,low,0.52,2914.58,2.36,3,0.475,0.089,15,43718.7,3389.05,-0.076,193,low
synthetic_0071,transport,Kano,20,medium,2.19,12710.12,5.73,4,0.695,0.029,1079,13714219.48,159467.67,-0.044,678,high
synthetic_0072,clothing,Oyo,5,medium,3.11,14341.95,5.09,6,0.626,0.079,340,4876263.0,226802.93,0.012,623,medium
synthetic_0073,food,Kaduna,12,medium,3.33,5069.46,4.09,7,0.61,0.092,702,3558760.92,68968.23,-0.041,663,high
synthetic_0074,artisan,Lagos,22,medium,3.92,14624.21,3.15,4,0.573,0.03,1168,17081077.28,180561.07,-0.04,607,medium
synthetic_0075,electronics,Enugu,5,low,1.39,1747.74,3.95,1,0.412,0.17,118,206233.32,9592.25,-0.124,332,low
synthetic_0076,clothing,Oyo,11,high,5.59,10704.13,5.84,6,0.936,0.024,1544,16527176.72,349411.77,0.206,773,high
synthetic_0077,agriculture,Oyo,10,medium,4.89,2790.73,4.44,5,0.628,0.029,933,2603751.09,60552.35,0.017,644,medium
synthetic_0078,clothing,Lagos,5,medium,3.9,9128.63,3.98,6,0.659,0.056,333,3039833.79,141387.62,-0.035,638,medium
synthetic_0079,agriculture,Enugu,7,medium,4.66,7379.58,5.48,5,0.625,0.028,768,5667517.44,188289.62,0.05,639,medium
synthetic_0080,artisan,Lagos,3,low,0.64,934.54,3.22,1,0.417,0.138,26,24298.04,1883.57,-0.126,172,low
synthetic_0081,agriculture,Lagos,10,low,1.03,3100.63,1.64,3,0.395,0.177,72,223245.36,5191.75,-0.127,202,low
synthetic_0082,clothing,Enugu,14,low,1.96,4182.92,2.84,3,0.417,0.141,335,1401278.2,23277.05,-0.144,439,medium
synthetic_0083,electronics,Lagos,6,ghost,0.28,460.71,0.14,2,0.243,0.128,1,460.71,17.86,-0.253,36,unscored
synthetic_0084,electronics,Kaduna,11,low,1.35,882.31,1.16,1,0.476,0.057,74,65290.94,1380.36,-0.065,227,low
synthetic_0085,transport,Lagos,12,medium,2.85,10820.32,4.46,7,0.593,0.038,655,7087309.6,137350.96,-0.042,659,high
synthetic_0086,clothing,Enugu,9,medium,2.36,8466.01,4.29,3,0.614,0.076,391,3310209.91,85535.14,0.075,613,medium
synthetic_0087,food,Rivers,3,ghost,0.29,616.06,0.71,1,0.072,0.222,2,1232.12,95.51,-0.162,0,unscored
synthetic_0088,agriculture,Kano,3,medium,2.32,7663.79,4.2,2,0.619,0.045,125,957973.75,74261.53,-0.0,545,medium
synthetic_0089,electronics,Kano,24,ghost,0.32,232.92,0.1,1,0.049,0.281,3,698.76,6.77,-0.068,0,unscored
synthetic_0090,artisan,Rivers,19,low,1.17,4658.69,2.69,3,0.546,0.098,257,1197283.33,14654.63,-0.062,438,medium
synthetic_0091,transport,Lagos,12,medium,2.93,7874.88,3.17,4,0.523,0.089,479,3772067.52,73102.08,0.042,554,medium
synthetic_0092,transport,Enugu,24,ghost,0.22,828.83,0.65,1,0.151,0.25,14,11603.62,112.44,-0.049,35,unscored
synthetic_0093,agriculture,Anambra,2,medium,3.31,7712.48,4.57,3,0.609,0.093,130,1002622.4,116584.0,0.066,538,medium
synthetic_0094,agriculture,Kaduna,11,high,4.57,35527.07,5.57,15,0.991,0.03,1204,42774592.28,904325.42,0.08,812,high
synthetic_0095,agriculture,Rivers,5,low,1.91,1893.12,2.13,2,0.494,0.151,87,164701.44,7660.53,-0.013,298,low
synthetic_0096,agriculture,Kaduna,14,medium,2.05,6015.26,5.85,4,0.784,0.059,721,4337002.46,72043.23,-0.029,717,high
synthetic_0097,agriculture,Oyo,2,low,1.81,3281.14,2.79,1,0.299,0.175,43,141089.02,16405.7,-0.117,212,low
synthetic_0098,artisan,Kano,22,low,1.95,3247.68,3.26,2,0.32,0.086,601,1951855.68,20632.72,0.031,398,low
synthetic_0099,artisan,Rivers,10,low,1.25,2383.97,1.49,1,0.49,0.071,80,190717.6,4435.29,0.025,239,low
synthetic_0100,food,Kaduna,17,ghost,0.14,786.81,0.27,2,0.037,0.231,2,1573.62,21.53,-0.195,0,unscored
synthetic_0101,transport,Kano,8,medium,2.24,4919.0,3.96,2,0.752,0.072,305,1500295.0,43613.23,-0.029,619,medium
synthetic_0102,agriculture,Enugu,5,low,1.2,3269.07,3.72,1,0.327,0.175,95,310561.65,14444.73,-0.044,261,low
synthetic_0103,food,Anambra,14,low,1.43,782.63,3.51,2,0.429,0.052,302,236354.26,3926.15,-0.121,412,medium
synthetic_0104,transport,Kano,8,low,0.78,3506.97,2.57,2,0.27,0.129,68,238473.96,6932.38,-0.039,179,low
synthetic_0105,electronics,Kano,24,high,8.73,20516.11,6.47,15,0.776,0.029,5829,119588405.19,1158802.38,0.201,773,high
synthetic_0106,agriculture,Anambra,22,medium,4.09,10212.57,5.43,2,0.715,0.095,2100,21446397.0,226706.1,-0.02,637,medium
synthetic_0107,artisan,Enugu,18,medium,2.11,10409.71,3.86,2,0.76,0.047,630,6558117.3,84730.2,0.005,655,high
synthetic_0108,artisan,Kano,6,medium,3.49,14016.04,4.56,2,0.718,0.026,410,5746576.4,222735.52,0.073,664,high
synthetic_0109,electronics,Rivers,20,low,0.75,2497.59,2.34,3,0.511,0.103,150,374638.5,4356.26,0.046,369,low
synthetic_0110,food,Kaduna,21,medium,3.54,11748.67,3.48,2,0.543,0.069,1112,13064521.04,144679.08,-0.045,558,medium
synthetic_0111,transport,Lagos,20,high,6.7,21693.4,5.89,6,0.893,0.026,3393,73605706.2,855880.3,0.13,767,high
synthetic_0112,agriculture,Anambra,16,medium,4.74,3530.89,5.32,7,0.634,0.1,1734,6122563.26,88990.75,0.087,676,high
synthetic_0113,agriculture,Rivers,3,low,1.95,4939.59,3.0,3,0.269,0.131,75,370469.25,28718.55,-0.008,275,low
synthetic_0114,agriculture,Anambra,12,medium,2.36,4612.74,3.42,5,0.508,0.064,416,1918899.84,37187.98,0.071,561,medium
synthetic_0115,agriculture,Kaduna,16,medium,4.31,12703.41,3.22,4,0.693,0.056,954,12119053.14,176149.03,0.002,639,medium
synthetic_0116,agriculture,Oyo,6,low,0.69,2762.89,3.6,1,0.405,0.096,64,176824.96,6853.68,-0.105,236,low
synthetic_0117,food,Kano,7,low,1.33,1063.27,1.91,3,0.278,0.146,76,80808.52,2684.67,-0.116,194,low
synthetic_0118,transport,Kano,19,high,9.18,8655.03,6.9,14,0.816,0.011,5175,44789780.25,548222.52,0.164,770,high
synthetic_0119,electronics,Rivers,8,low,1.53,1838.45,1.22,1,0.297,0.112,64,117660.8,3420.37,-0.121,162,low
synthetic_0120,electronics,Kaduna,12,ghost,0.07,433.49,0.56,1,0.06,0.137,2,866.98,16.8,-0.016,20,unscored
synthetic_0121,clothing,Enugu,11,ghost,0.36,270.85,0.16,2,0.117,0.364,2,541.7,11.45,-0.163,0,unscored
synthetic_0122,clothing,Anambra,19,medium,2.15,8433.62,5.65,7,0.702,0.043,992,8366151.04,102400.87,-0.034,692,high
synthetic_0123,food,Rivers,2,low,0.79,2989.5,1.22,3,0.385,0.132,8,23916.0,2780.93,-0.028,164,low
synthetic_0124,food,Rivers,12,low,1.01,4725.27,3.26,1,0.431,0.11,169,798570.63,15476.18,-0.007,370,low
synthetic_0125,transport,Anambra,11,ghost,0.16,453.66,0.62,1,0.148,0.252,4,1814.64,38.36,-0.158,15,unscored
synthetic_0126,food,Kano,11,low,1.97,3126.66,3.39,3,0.512,0.144,315,984897.9,20822.37,-0.019,456,medium
synthetic_0127,food,Oyo,16,high,7.77,32888.11,6.68,7,0.955,0.012,3570,117410552.7,1706548.73,0.165,794,high
synthetic_0128,artisan,Anambra,14,low,1.12,3987.38,3.76,3,0.468,0.156,253,1008807.14,16757.59,0.05,416,medium
synthetic_0129,artisan,Oyo,11,medium,4.03,13279.51,5.04,7,0.579,0.059,960,12748329.6,269520.71,-0.008,680,high
synthetic_0130,electronics,Enugu,10,low,1.54,2700.51,2.44,3,0.53,0.169,161,434782.11,10111.21,-0.015,408,medium
synthetic_0131,clothing,Kano,2,medium,4.14,6502.73,4.33,4,0.724,0.037,154,1001420.42,116444.23,-0.009,612,medium
synthetic_0132,food,Oyo,24,low,0.86,3514.25,2.59,3,0.32,0.065,229,804763.25,7798.09,-0.014,413,medium
synthetic_0133,clothing,Rivers,21,ghost,0.44,529.7,0.2,1,0.08,0.294,7,3707.9,41.06,-0.139,0,unscored
synthetic_0134,agriculture,Enugu,2,ghost,0.09,894.02,0.18,0,0.249,0.219,0,0.0,0.0,-0.022,34,unscored
synthetic_0135,transport,Oyo,4,ghost,0.17,508.91,0.64,2,0.123,0.382,1,508.91,29.59,-0.266,0,unscored
synthetic_0136,clothing,Kaduna,15,low,1.58,563.38,2.01,2,0.42,0.164,204,114929.52,1781.85,0.029,340,low
synthetic_0137,agriculture,Lagos,6,ghost,0.24,942.24,0.01,1,0.059,0.326,0,0.0,0.0,-0.297,0,unscored
synthetic_0138,agriculture,Kano,23,medium,4.0,8050.13,3.48,7,0.651,0.092,1376,11076978.88,112001.81,-0.003,640,medium
synthetic_0139,clothing,Anambra,16,high,8.49,32258.25,5.83,13,0.978,0.038,3405,109839341.25,1596502.05,0.21,838,high
synthetic_0140,transport,Enugu,3,medium,3.58,6703.2,5.75,2,0.519,0.064,265,1776348.0,137701.4,0.036,587,medium
synthetic_0141,clothing,Kaduna,19,medium,4.7,7791.27,3.17,3,0.654,0.057,1217,9481975.59,116058.45,0.019,609,medium
synthetic_0142,artisan,Kano,1,low,1.37,703.8,2.03,1,0.412,0.059,11,7741.8,1800.42,-0.056,170,low
synthetic_0143,agriculture,Kaduna,21,ghost,0.19,902.2,0.45,1,0.094,0.305,7,6315.4,69.94,-0.196,0,unscored
synthetic_0144,clothing,Oyo,13,medium,4.18,4894.97,3.01,2,0.794,0.057,703,3441163.91,61559.28,0.014,631,medium
synthetic_0145,clothing,Kaduna,4,high,7.96,32671.54,6.87,5,0.81,0.003,940,30711247.6,1785537.65,0.169,742,high
synthetic_0146,clothing,Kaduna,2,medium,2.7,4824.5,5.59,2,0.542,0.099,129,622360.5,72367.5,0.087,525,medium
synthetic_0147,clothing,Kano,5,ghost,0.26,472.2,0.28,2,0.237,0.364,1,472.2,21.96,-0.151,0,unscored
synthetic_0148,electronics,Kaduna,22,medium,3.57,11052.01,4.22,4,0.613,0.08,1425,15749114.25,166481.12,0.077,629,medium
synthetic_0149,transport,Rivers,14,low,0.7,1592.86,1.61,3,0.274,0.117,67,106721.62,1772.78,0.016,152,low
synthetic_0150,artisan,Kaduna,20,low,1.81,1346.73,3.29,3,0.451,0.083,512,689525.76,8017.74,-0.089,422,medium
synthetic_0151,agriculture,Lagos,24,ghost,0.24,318.33,0.6,0,0.099,0.172,14,4456.62,43.18,-0.105,27,unscored
synthetic_0152,electronics,Kano,12,medium,3.49,3281.91,5.94,5,0.728,0.046,1069,3508361.79,67991.51,-0.003,693,high
synthetic_0153,transport,Oyo,19,low,0.94,1382.86,1.69,3,0.5,0.125,129,178388.94,2183.46,-0.099,311,low
synthetic_0154,agriculture,Kaduna,24,medium,2.5,12334.68,3.51,7,0.664,0.035,905,11162885.4,108167.49,0.099,665,high
synthetic_0155,agriculture,Lagos,1,medium,4.53,5008.63,5.12,2,0.566,0.056,99,495854.37,115314.97,0.046,495,medium
synthetic_0156,agriculture,Rivers,1,high,7.31,5533.29,6.06,9,0.884,0.014,190,1051325.1,244494.21,0.15,793,high
synthetic_0157,transport,Anambra,8,high,7.16,41684.65,5.53,11,0.77,0.048,1362,56774493.3,1650421.32,0.142,780,high
synthetic_0158,food,Kaduna,21,low,0.64,2206.69,2.66,1,0.441,0.155,153,337623.57,3738.91,-0.021,353,low
synthetic_0159,transport,Lagos,8,medium,4.6,13538.21,4.43,2,0.777,0.075,701,9490285.21,275880.38,0.031,645,medium
synthetic_0160,electronics,Lagos,7,low,1.63,3707.2,2.19,1,0.34,0.135,107,396670.4,13178.42,-0.015,244,low
synthetic_0161,agriculture,Kaduna,3,medium,4.92,2698.05,4.31,2,0.602,0.082,273,736567.65,57098.27,0.01,612,medium
synthetic_0162,electronics,Enugu,15,medium,3.07,14234.86,4.3,7,0.676,0.05,851,12113865.86,187811.87,-0.006,672,high
synthetic_0163,agriculture,Anambra,24,medium,3.08,3189.77,5.83,5,0.608,0.042,1853,5910643.81,57273.68,-0.022,671,high
synthetic_0164,artisan,Lagos,1,high,7.33,31861.6,6.57,11,0.753,0.021,207,6595351.2,1533802.6,0.206,766,high
synthetic_0165,agriculture,Rivers,6,high,5.81,27190.58,5.13,11,0.819,0.015,768,20882365.44,809394.01,0.207,784,high
synthetic_0166,artisan,Oyo,20,high,4.64,18709.61,6.9,10,0.96,0.019,2753,51507556.33,598925.07,0.222,821,high
synthetic_0167,electronics,Kano,20,ghost,0.1,382.76,0.96,1,0.073,0.308,8,3062.08,35.61,-0.187,0,unscored
synthetic_0168,artisan,Kano,4,ghost,0.1,997.54,0.18,2,0.007,0.318,0,0.0,0.0,-0.051,0,unscored
synthetic_0169,artisan,Kaduna,16,high,5.82,16370.68,5.31,11,0.947,0.004,2126,34804065.68,505873.05,0.248,821,high
synthetic_0170,agriculture,Rivers,18,high,9.81,36573.54,6.62,14,0.91,0.004,5026,183818612.04,2374917.47,0.204,850,high
synthetic_0171,agriculture,Kaduna,13,ghost,0.17,816.61,0.11,0,0.065,0.253,1,816.61,14.61,-0.166,0,unscored
synthetic_0172,artisan,Rivers,22,low,1.25,2052.35,1.07,1,0.339,0.188,126,258596.1,2733.57,-0.004,209,low
synthetic_0173,transport,Rivers,12,medium,3.31,11057.92,3.96,4,0.513,0.077,676,7475153.92,144867.32,0.001,606,medium
synthetic_0174,agriculture,Anambra,17,high,4.96,30193.2,6.92,8,0.949,0.031,2509,75754738.8,1036316.54,0.087,819,high
synthetic_0175,artisan,Rivers,1,low,0.81,3885.46,3.43,1,0.423,0.17,11,42740.06,9939.55,-0.111,181,low
synthetic_0176,agriculture,Enugu,16,medium,3.92,9760.62,4.83,6,0.534,0.048,1302,12708327.24,184714.06,-0.024,647,medium
synthetic_0177,agriculture,Anambra,11,high,5.83,13237.0,6.39,13,0.847,0.03,1762,23323594.0,493099.24,0.165,779,high
synthetic_0178,agriculture,Anambra,18,high,5.73,13419.44,6.68,14,0.763,0.018,2962,39748381.28,513544.98,0.052,753,high
synthetic_0179,agriculture,Rivers,14,low,1.17,1252.64,2.7,1,0.338,0.091,190,238001.6,3953.51,-0.059,333,low
synthetic_0180,artisan,Oyo,17,high,4.69,39880.09,6.65,10,0.886,0.038,2279,90886725.11,1243320.45,0.202,801,high
synthetic_0181,clothing,Kano,2,medium,3.05,12617.47,4.32,2,0.733,0.039,113,1425774.11,165787.69,0.038,535,medium
synthetic_0182,agriculture,Rivers,6,low,1.68,4160.88,3.42,3,0.355,0.092,148,615810.24,23868.61,-0.009,383,low
synthetic_0183,agriculture,Enugu,4,high,8.5,23521.83,5.12,9,0.967,0.006,748,17594328.84,1022926.1,0.223,831,high
synthetic_0184,agriculture,Rivers,16,high,7.79,33251.58,5.75,6,0.908,0.044,3081,102448117.98,1489071.48,0.069,730,high
synthetic_0185,electronics,Oyo,1,ghost,0.42,183.83,0.97,2,0.166,0.207,1,183.83,42.75,-0.171,70,unscored
synthetic_0186,clothing,Rivers,9,medium,2.85,9115.04,3.39,5,0.736,0.092,373,3399909.92,87852.97,-0.043,685,high
synthetic_0187,clothing,Rivers,15,high,9.75,14104.32,6.38,7,0.971,0.015,4012,56586531.84,877310.57,0.225,802,high
synthetic_0188,food,Kano,22,ghost,0.08,456.71,0.31,2,0.189,0.229,2,913.42,9.66,-0.277,22,unscored
synthetic_0189,artisan,Lagos,1,low,1.73,4946.7,2.27,1,0.393,0.084,16,79147.2,18406.33,-0.129,204,low
synthetic_0190,electronics,Anambra,13,low,1.63,1099.16,3.98,1,0.271,0.134,362,397895.92,7117.99,-0.08,342,low
synthetic_0191,transport,Kaduna,15,ghost,0.04,190.42,0.75,2,0.183,0.205,1,190.42,2.95,-0.107,11,unscored
synthetic_0192,clothing,Oyo,20,low,1.41,4005.36,3.07,3,0.513,0.081,372,1489993.92,17325.51,-0.072,469,medium
synthetic_0193,clothing,Rivers,13,high,7.0,31726.84,6.06,5,0.997,0.047,2371,75224337.64,1345694.77,0.076,750,high
synthetic_0194,agriculture,Anambra,16,ghost,0.39,115.02,0.07,1,0.054,0.377,1,115.02,1.67,-0.086,0,unscored
synthetic_0195,artisan,Lagos,21,medium,3.85,5607.08,3.93,6,0.776,0.098,1366,7659271.28,84820.28,-0.001,663,high
synthetic_0196,agriculture,Kaduna,21,high,8.19,37848.13,6.69,5,0.811,0.046,4947,187234699.11,2073473.97,0.073,724,high
synthetic_0197,food,Kaduna,5,low,0.75,4788.57,2.57,3,0.328,0.106,41,196331.37,9131.69,-0.003,204,low
synthetic_0198,food,Kano,14,medium,2.19,11260.2,4.73,2,0.649,0.061,623,7015104.6,116529.98,0.079,624,medium
synthetic_0199,agriculture,Kaduna,4,medium,3.53,2572.49,5.59,3,0.514,0.049,339,872074.11,50701.98,-0.023,572,medium
synthetic_0200,agriculture,Kaduna,21,medium,2.97,7411.34,5.16,4,0.748,0.066,1383,10249883.22,113509.23,0.051,670,high
synthetic_0201,artisan,Lagos,15,ghost,0.39,379.63,0.09,1,0.002,0.16,2,759.26,11.77,-0.161,0,unscored
synthetic_0202,transport,Rivers,7,low,1.32,4081.88,1.45,2,0.257,0.131,57,232667.16,7729.81,-0.148,172,low
synthetic_0203,agriculture,Kaduna,10,high,7.18,15717.54,5.98,5,0.993,0.007,1846,29014578.84,674757.65,0.106,767,high
synthetic_0204,artisan,Kaduna,12,medium,4.24,9550.02,4.52,7,0.746,0.026,988,9435419.76,182856.97,0.015,702,high
synthetic_0205,artisan,Kaduna,24,medium,3.36,5036.95,5.83,3,0.734,0.067,2021,10179675.95,98640.27,-0.025,683,high
synthetic_0206,transport,Kano,7,medium,3.39,13082.27,3.27,7,0.591,0.076,333,4356395.91,144730.76,-0.018,619,medium
synthetic_0207,artisan,Oyo,2,low,0.89,4958.04,1.09,2,0.506,0.133,8,39664.32,4612.13,-0.13,144,unscored
synthetic_0208,food,Lagos,2,low,1.97,1088.22,3.47,2,0.456,0.191,58,63116.76,7339.16,0.033,258,low
synthetic_0209,agriculture,Rivers,5,high,9.08,41399.92,5.25,12,0.763,0.046,1024,42393518.08,1971791.54,0.137,744,high
synthetic_0210,artisan,Anambra,12,medium,2.56,5638.11,5.65,2,0.684,0.069,746,4206030.06,81512.21,0.025,654,high
synthetic_0211,artisan,Anambra,21,ghost,0.26,667.68,0.8,0,0.247,0.335,18,12018.24,133.09,-0.026,44,unscored
synthetic_0212,transport,Kano,13,medium,2.08,9762.51,3.09,4,0.518,0.099,359,3504741.09,62696.62,0.065,587,medium
synthetic_0213,electronics,Oyo,24,high,9.98,14873.52,6.69,11,0.839,0.042,6890,102478552.8,993009.23,0.219,801,high
synthetic_0214,agriculture,Kano,19,high,8.2,47640.14,6.13,14,0.987,0.042,4106,195610414.84,2394252.32,0.212,830,high
synthetic_0215,transport,Anambra,1,medium,2.0,13932.65,3.6,3,0.602,0.034,30,417979.5,97204.53,0.08,436,medium
synthetic_0216,agriculture,Anambra,4,low,1.79,4822.51,2.12,3,0.369,0.065,65,313463.15,18224.6,-0.118,287,low
synthetic_0217,agriculture,Kano,6,low,1.34,4503.2,2.84,2,0.317,0.138,98,441313.6,17105.18,-0.012,240,low
synthetic_0218,agriculture,Lagos,23,ghost,0.2,994.85,0.97,0,0.046,0.195,19,18902.15,191.12,-0.269,0,unscored
synthetic_0219,food,Anambra,12,ghost,0.08,896.79,0.09,2,0.168,0.319,0,0.0,0.0,-0.092,8,unscored
synthetic_0220,electronics,Kano,4,low,0.57,2471.99,2.26,1,0.515,0.124,22,54383.78,3161.85,-0.13,217,low
synthetic_0221,agriculture,Anambra,6,medium,4.4,2434.37,3.06,4,0.785,0.026,347,844726.39,32741.33,0.006,595,medium
synthetic_0222,food,Kano,20,ghost,0.45,734.05,0.43,2,0.041,0.367,16,11744.8,136.57,-0.243,0,unscored
synthetic_0223,agriculture,Oyo,9,low,0.95,931.62,2.18,3,0.502,0.073,80,74529.6,1925.83,-0.091,260,low
synthetic_0224,transport,Rivers,7,high,5.24,33718.58,6.95,12,0.961,0.015,1096,36955563.68,1227759.59,0.129,825,high
synthetic_0225,artisan,Kano,6,medium,2.79,8045.75,3.68,4,0.669,0.032,264,2124078.0,82328.6,-0.035,634,medium
synthetic_0226,artisan,Enugu,19,medium,2.18,7032.38,4.57,6,0.706,0.095,813,5717324.94,69979.5,-0.015,670,high
synthetic_0227,transport,Oyo,19,low,1.43,1041.27,3.27,1,0.535,0.075,382,397765.14,4868.61,-0.141,413,medium
synthetic_0228,agriculture,Rivers,7,ghost,0.31,850.7,0.26,2,0.229,0.12,2,1701.4,56.52,-0.217,41,unscored
synthetic_0229,agriculture,Oyo,19,medium,3.26,7387.75,3.44,6,0.675,0.097,916,6767179.0,82829.61,-0.034,650,high
synthetic_0230,transport,Kano,14,medium,3.96,9436.3,4.42,3,0.583,0.032,1053,9936423.9,165056.88,0.054,606,medium
synthetic_0231,agriculture,Rivers,9,ghost,0.01,835.65,0.3,1,0.211,0.357,0,0.0,0.0,-0.21,15,unscored
synthetic_0232,agriculture,Rivers,11,medium,3.25,10392.21,3.56,3,0.774,0.053,547,5684538.87,120180.53,0.027,653,high
synthetic_0233,agriculture,Oyo,13,high,9.11,44569.97,5.06,8,0.969,0.01,2576,114812242.72,2053886.27,0.062,785,high
synthetic_0234,clothing,Kano,12,low,1.26,3359.34,1.37,1,0.323,0.123,89,298981.26,5794.21,-0.055,192,low
synthetic_0235,electronics,Kaduna,23,high,4.16,7234.3,6.71,8,0.964,0.032,2760,19966668.0,201887.44,0.186,832,high
synthetic_0236,agriculture,Lagos,16,ghost,0.32,641.03,0.01,1,0.152,0.383,0,0.0,0.0,-0.031,0,unscored
synthetic_0237,clothing,Rivers,10,low,1.74,2287.19,1.31,3,0.55,0.195,98,224144.62,5212.67,-0.031,274,low
synthetic_0238,agriculture,Lagos,16,high,9.93,33826.76,6.72,9,0.914,0.048,4590,155264828.4,2256756.23,0.18,828,high
synthetic_0239,transport,Rivers,22,medium,2.42,2330.92,4.49,4,0.578,0.053,1027,2393854.84,25305.02,-0.045,553,medium
synthetic_0240,clothing,Kano,24,low,1.53,3372.41,2.43,3,0.358,0.095,383,1291633.03,12515.82,-0.038,366,low
synthetic_0241,agriculture,Enugu,18,low,0.77,3558.71,2.01,1,0.317,0.083,119,423486.49,5471.4,0.027,257,low
synthetic_0242,transport,Kano,15,ghost,0.24,879.75,0.58,2,0.018,0.367,8,7038.0,109.12,-0.21,0,unscored
synthetic_0243,clothing,Anambra,11,medium,3.71,13786.07,4.37,4,0.759,0.034,766,10560129.62,223258.55,-0.0,683,high
synthetic_0244,food,Lagos,15,medium,4.28,4191.87,5.29,5,0.736,0.082,1460,6120130.2,94885.74,0.015,678,high
synthetic_0245,transport,Anambra,24,medium,2.04,6188.77,5.5,3,0.505,0.02,1157,7160406.89,69383.79,-0.016,606,medium
synthetic_0246,food,Rivers,17,low,0.75,4207.3,1.89,2,0.387,0.128,103,433351.9,5928.21,-0.013,275,low
synthetic_0247,clothing,Anambra,13,high,5.35,49319.58,5.42,5,0.897,0.008,1620,79897719.6,1429297.31,0.123,744,high
synthetic_0248,electronics,Enugu,18,low,1.39,715.82,1.32,1,0.264,0.067,142,101646.44,1313.26,-0.099,246,low
synthetic_0249,food,Kano,14,low,1.49,1714.9,2.82,1,0.376,0.185,252,432154.8,7178.65,-0.093,369,low
synthetic_0250,artisan,Anambra,20,high,5.58,28541.57,5.4,11,0.824,0.002,2591,73951207.87,859897.77,0.149,796,high
synthetic_0251,food,Enugu,19,low,0.72,905.37,2.54,3,0.467,0.186,149,134900.13,1651.16,0.045,323,low
synthetic_0252,food,Lagos,6,ghost,0.43,424.19,0.68,1,0.185,0.128,7,2969.33,115.09,-0.101,63,unscored
synthetic_0253,artisan,Oyo,9,ghost,0.05,833.47,0.18,1,0.1,0.237,0,0.0,0.0,-0.173,7,unscored
synthetic_0254,clothing,Lagos,5,low,0.59,4741.1,1.48,2,0.523,0.122,18,85339.8,3969.29,-0.028,180,low
synthetic_0255,agriculture,Anambra,16,ghost,0.06,470.16,0.05,1,0.164,0.104,0,0.0,0.0,-0.083,19,unscored
synthetic_0256,clothing,Kaduna,11,medium,4.06,10037.11,4.3,7,0.575,0.048,825,8280615.75,175065.87,0.008,649,medium
synthetic_0257,agriculture,Anambra,17,low,1.78,4412.37,1.22,2,0.346,0.1,158,697154.46,9537.0,-0.04,307,low
synthetic_0258,clothing,Lagos,15,medium,3.72,3144.26,4.5,4,0.536,0.06,1079,3392656.54,52599.33,-0.035,609,medium
synthetic_0259,transport,Oyo,21,medium,3.53,4689.07,5.01,4,0.609,0.024,1596,7483755.72,82876.59,0.018,639,medium
synthetic_0260,artisan,Kaduna,22,medium,3.36,3266.68,4.98,2,0.602,0.086,1582,5167887.76,54628.83,-0.006,613,medium
synthetic_0261,clothing,Enugu,23,low,1.11,1644.3,1.59,1,0.529,0.109,174,286108.2,2892.9,-0.007,354,low
synthetic_0262,artisan,Lagos,21,low,1.38,3974.65,2.35,3,0.427,0.126,292,1160597.8,12852.69,-0.003,386,low
synthetic_0263,transport,Enugu,6,low,0.76,4168.6,1.31,3,0.43,0.182,25,104215.0,4039.34,0.046,186,low
synthetic_0264,clothing,Kano,13,ghost,0.49,507.56,0.13,1,0.151,0.366,3,1522.68,27.24,-0.206,0,unscored
synthetic_0265,clothing,Anambra,7,low,0.94,2053.82,3.02,3,0.445,0.194,85,174574.7,5799.82,-0.086,251,low
synthetic_0266,electronics,Oyo,16,low,1.91,3695.56,3.02,3,0.336,0.177,396,1463441.76,21270.96,-0.145,397,low
synthetic_0267,clothing,Kano,22,medium,4.52,10977.73,3.89,6,0.51,0.085,1663,18255964.99,192980.6,0.08,592,medium
synthetic_0268,agriculture,Kaduna,18,medium,3.53,12358.84,5.09,7,0.699,0.094,1390,17178787.6,221948.16,0.094,681,high
synthetic_0269,electronics,Anambra,20,ghost,0.43,498.76,0.23,2,0.176,0.294,8,3990.08,46.4,-0.067,24,unscored
synthetic_0270,clothing,Kano,15,high,8.1,13413.95,5.35,13,0.78,0.002,2795,37491990.25,581271.17,0.106,776,high
synthetic_0271,clothing,Lagos,5,ghost,0.3,796.29,0.63,2,0.075,0.337,4,3185.16,148.15,-0.142,0,unscored
synthetic_0272,clothing,Oyo,3,low,0.74,2943.86,2.21,2,0.316,0.082,21,61821.06,4792.33,-0.106,115,unscored
synthetic_0273,agriculture,Lagos,4,low,1.17,4570.23,2.84,3,0.323,0.056,57,260503.11,15145.53,0.009,249,low
synthetic_0274,electronics,Oyo,24,medium,4.73,12687.42,4.12,6,0.634,0.024,2011,25514401.62,247232.57,-0.021,672,high
synthetic_0275,transport,Oyo,1,low,0.82,3332.82,1.64,3,0.377,0.066,5,16664.1,3875.37,0.045,202,low
synthetic_0276,agriculture,Enugu,3,low,0.73,2566.51,2.0,1,0.272,0.077,18,46197.18,3581.18,0.014,119,unscored
synthetic_0277,artisan,Rivers,11,high,8.04,29067.55,6.28,14,0.766,0.037,2388,69413309.4,1467511.83,0.059,771,high
synthetic_0278,electronics,Enugu,22,medium,2.26,11948.57,4.31,5,0.747,0.022,921,11004632.97,116328.04,-0.017,688,high
synthetic_0279,agriculture,Anambra,10,low,1.87,4077.58,3.19,2,0.537,0.052,256,1043860.48,24275.83,-0.142,478,medium
synthetic_0280,artisan,Oyo,18,ghost,0.15,773.47,0.9,1,0.053,0.372,10,7734.7,99.93,-0.115,0,unscored
synthetic_0281,agriculture,Enugu,19,ghost,0.43,939.13,0.99,1,0.161,0.122,34,31930.42,390.83,-0.126,90,unscored
synthetic_0282,electronics,Kano,5,low,0.85,1783.12,1.21,1,0.345,0.118,22,39228.64,1824.59,-0.033,126,unscored
synthetic_0283,artisan,Anambra,1,medium,4.36,11258.59,4.92,4,0.752,0.031,92,1035790.28,240881.46,0.082,581,medium
synthetic_0284,electronics,Rivers,18,high,7.87,8688.82,5.56,7,0.973,0.01,3386,29420344.52,380107.81,0.197,801,high
synthetic_0285,transport,Oyo,13,low,0.82,664.95,1.78,3,0.392,0.166,81,53860.95,963.52,0.004,206,low
synthetic_0286,electronics,Anambra,15,medium,2.27,6730.25,3.03,3,0.754,0.085,443,2981500.75,46224.82,-0.025,636,medium
synthetic_0287,agriculture,Enugu,5,low,1.23,2114.58,1.66,2,0.32,0.09,43,90926.94,4229.16,-0.046,210,low
synthetic_0288,artisan,Rivers,15,ghost,0.02,683.67,0.1,2,0.158,0.182,0,0.0,0.0,-0.187,18,unscored
synthetic_0289,food,Oyo,9,medium,4.72,8712.83,4.06,4,0.646,0.059,741,6456207.03,166827.06,0.025,643,medium
synthetic_0290,food,Oyo,21,medium,2.45,4045.65,4.81,2,0.698,0.053,1064,4304571.6,47669.67,-0.033,612,medium
synthetic_0291,artisan,Lagos,8,high,7.44,12250.81,6.26,5,0.973,0.007,1602,19625797.62,570517.37,0.083,768,high
synthetic_0292,transport,Kaduna,1,ghost,0.36,839.17,0.95,0,0.112,0.398,1,839.17,195.16,-0.12,0,unscored
synthetic_0293,clothing,Oyo,22,medium,2.5,10912.69,5.77,6,0.677,0.038,1364,14884909.16,157345.76,-0.034,661,high
synthetic_0294,transport,Kaduna,14,low,1.41,1298.4,3.7,3,0.262,0.168,314,407697.6,6772.39,-0.054,325,low
synthetic_0295,agriculture,Kaduna,14,medium,3.11,2564.7,4.59,3,0.782,0.059,859,2203077.3,36595.97,0.003,611,medium
synthetic_0296,agriculture,Oyo,4,medium,2.76,11956.17,5.73,2,0.585,0.09,272,3252078.24,189074.32,-0.022,602,medium
synthetic_0297,food,Rivers,21,medium,4.41,7314.99,3.32,5,0.695,0.04,1322,9670416.78,107092.1,0.014,644,medium
synthetic_0298,agriculture,Rivers,7,medium,4.35,8272.08,4.11,6,0.645,0.099,538,4450379.04,147853.12,0.066,647,medium
synthetic_0299,clothing,Rivers,23,ghost,0.05,557.51,0.79,2,0.154,0.305,3,1672.53,16.91,-0.059,13,unscored
synthetic_0300,clothing,Rivers,20,medium,2.19,4883.01,3.24,2,0.717,0.094,610,2978636.1,34635.3,0.048,590,medium
synthetic_0301,clothing,Kaduna,16,medium,2.61,10539.49,5.41,4,0.558,0.083,971,10233844.79,148747.74,0.055,627,medium
synthetic_0302,electronics,Anambra,21,high,4.94,49856.77,6.56,10,0.917,0.02,2926,145880909.02,1615513.94,0.09,791,high
synthetic_0303,transport,Oyo,12,medium,4.45,4941.84,5.89,5,0.779,0.066,1352,6681367.68,129483.87,0.011,697,high
synthetic_0304,electronics,Kano,4,low,1.94,4442.51,3.44,3,0.325,0.116,114,506446.14,29444.54,-0.101,359,low
synthetic_0305,transport,Enugu,1,medium,2.77,6974.75,5.37,3,0.703,0.038,63,439409.25,102188.2,0.093,500,medium
synthetic_0306,electronics,Anambra,10,high,8.04,41948.36,5.15,7,0.869,0.018,1780,74668080.8,1736467.0,0.229,765,high
synthetic_0307,clothing,Anambra,24,medium,2.8,4979.7,5.5,6,0.607,0.082,1589,7912743.3,76673.87,-0.038,644,medium
synthetic_0308,food,Enugu,18,ghost,0.42,434.08,0.32,2,0.217,0.247,10,4340.8,56.08,-0.233,46,unscored
synthetic_0309,artisan,Rivers,18,high,6.08,43718.01,6.55,12,0.994,0.035,3082,134738906.82,1740812.75,0.142,832,high
synthetic_0310,transport,Lagos,11,medium,4.59,4432.98,3.79,4,0.641,0.069,822,3643909.56,77038.26,0.025,602,medium
synthetic_0311,electronics,Rivers,6,low,1.97,3587.05,3.44,3,0.331,0.085,174,624146.7,24191.73,-0.121,429,medium
synthetic_0312,clothing,Rivers,1,high,7.0,49800.28,6.7,13,0.883,0.016,201,10009856.28,2327873.55,0.147,814,high
synthetic_0313,clothing,Enugu,9,medium,3.89,7848.11,4.0,4,0.608,0.065,602,4724562.22,122081.71,0.002,621,medium
synthetic_0314,agriculture,Oyo,7,low,1.47,2922.97,3.94,2,0.357,0.151,174,508596.78,16896.9,0.028,373,low
synthetic_0315,clothing,Enugu,6,low,1.89,2398.17,2.84,2,0.505,0.061,138,330947.46,12827.42,-0.087,396,low
synthetic_0316,electronics,Oyo,21,medium,4.66,12152.66,5.82,7,0.676,0.097,2449,29761864.34,329588.75,-0.022,667,high
synthetic_0317,agriculture,Kaduna,3,medium,3.19,3242.2,5.81,5,0.665,0.022,239,774885.8,60068.67,0.065,647,medium
synthetic_0318,clothing,Lagos,21,ghost,0.19,306.42,0.74,1,0.157,0.139,12,3677.04,40.72,-0.042,44,unscored
synthetic_0319,transport,Kano,18,medium,4.91,11069.1,3.53,6,0.637,0.08,1341,14843663.1,191778.59,0.015,650,high
synthetic_0320,electronics,Rivers,18,medium,2.27,6002.29,4.24,3,0.591,0.02,744,4465703.76,57696.43,0.077,647,medium
synthetic_0321,artisan,Kano,1,low,1.7,3186.52,3.39,3,0.362,0.112,24,76476.48,17785.23,-0.117,243,low
synthetic_0322,artisan,Enugu,13,medium,2.24,10129.2,4.55,6,0.742,0.075,569,5763514.8,103104.02,0.061,688,high
synthetic_0323,electronics,Lagos,21,medium,3.36,11106.14,4.48,4,0.506,0.024,1359,15093244.26,167145.56,-0.022,593,medium
synthetic_0324,agriculture,Rivers,24,high,4.54,5662.62,5.43,11,0.828,0.04,2544,14405705.28,139590.17,0.25,788,high
synthetic_0325,food,Kano,13,high,6.82,13648.65,6.68,11,0.957,0.006,2546,34749462.9,621636.19,0.204,800,high
synthetic_0326,agriculture,Lagos,7,medium,4.31,8774.81,5.95,5,0.617,0.097,771,6765378.51,224763.41,-0.026,643,medium
synthetic_0327,artisan,Kaduna,10,high,9.33,43864.59,5.44,6,0.809,0.022,2182,95712535.38,2225872.92,0.053,723,high
synthetic_0328,clothing,Lagos,2,low,1.54,3597.83,1.46,1,0.325,0.125,19,68358.77,7948.69,0.044,159,low
synthetic_0329,clothing,Kaduna,18,low,0.69,1547.04,3.95,3,0.477,0.171,210,324878.4,4197.4,-0.012,413,medium
synthetic_0330,clothing,Kano,2,medium,3.31,5831.29,5.09,3,0.67,0.063,144,839705.76,97640.2,0.02,590,medium
synthetic_0331,transport,Anambra,15,medium,2.79,6772.47,3.0,7,0.652,0.079,539,3650361.33,56594.75,0.043,635,medium
synthetic_0332,electronics,Kaduna,3,low,1.31,2243.71,2.57,2,0.48,0.073,43,96479.53,7479.03,-0.086,249,low
synthetic_0333,clothing,Anambra,2,medium,3.46,3283.8,4.71,5,0.697,0.062,140,459732.0,53457.21,-0.012,600,medium
synthetic_0334,food,Lagos,7,low,1.89,4244.35,2.4,3,0.268,0.134,136,577231.6,19177.13,-0.076,316,low
synthetic_0335,food,Kaduna,3,low,0.62,1471.55,2.56,1,0.468,0.13,20,29431.0,2281.47,-0.1,177,low
synthetic_0336,clothing,Oyo,24,low,1.62,3948.28,2.73,3,0.388,0.15,456,1800415.68,17445.89,-0.114,403,medium
synthetic_0337,transport,Rivers,12,ghost,0.28,997.17,0.84,1,0.191,0.229,12,11966.04,231.9,-0.236,53,unscored
synthetic_0338,transport,Kaduna,9,medium,3.36,14477.72,3.0,2,0.795,0.068,390,5646310.8,145899.5,0.099,642,medium
synthetic_0339,food,Enugu,23,low,1.88,2800.72,2.71,3,0.296,0.056,503,1408762.16,14244.31,-0.077,418,medium
synthetic_0340,clothing,Kano,10,high,6.4,46304.68,6.47,10,0.948,0.009,1780,82422330.4,1916798.38,0.215,814,high
synthetic_0341,agriculture,Enugu,19,medium,4.34,13984.33,4.0,5,0.625,0.089,1418,19829779.94,242714.56,-0.016,619,medium
synthetic_0342,food,Kaduna,21,medium,2.91,2535.37,4.62,3,0.598,0.076,1214,3077939.18,34085.71,0.051,562,medium
synthetic_0343,food,Anambra,14,medium,3.18,3718.46,3.25,6,0.724,0.064,622,2312882.12,38419.97,0.01,606,medium
synthetic_0344,clothing,Rivers,18,high,6.37,30709.88,6.12,13,0.812,0.004,3017,92651707.96,1197050.49,0.205,772,high
synthetic_0345,electronics,Anambra,11,medium,3.97,12005.86,3.51,4,0.685,0.099,659,7911861.74,167269.8,-0.028,611,medium
synthetic_0346,clothing,Kaduna,12,high,8.37,8861.65,6.48,8,0.987,0.046,2798,24794896.7,480521.25,0.224,822,high
synthetic_0347,food,Kano,7,low,0.82,2958.91,3.25,3,0.395,0.159,80,236712.8,7864.21,-0.146,277,low
synthetic_0348,agriculture,Oyo,2,medium,2.18,4609.05,5.09,4,0.516,0.072,95,437859.75,50913.92,0.008,482,medium
synthetic_0349,food,Kano,21,medium,4.94,8611.02,5.13,4,0.645,0.068,2288,19702013.76,218183.98,-0.02,617,medium
synthetic_0350,agriculture,Lagos,2,medium,3.59,6336.41,4.18,3,0.506,0.075,129,817396.89,95046.15,-0.005,504,medium
synthetic_0351,electronics,Rivers,1,ghost,0.47,303.02,0.34,1,0.164,0.126,0,0.0,0.0,-0.112,44,unscored
synthetic_0352,clothing,Rivers,8,low,1.14,1905.72,2.82,2,0.413,0.081,110,209629.2,6093.87,0.01,287,low
synthetic_0353,transport,Anambra,14,ghost,0.49,230.64,0.93,0,0.079,0.267,27,6227.28,103.44,-0.036,32,unscored
synthetic_0354,agriculture,Lagos,11,ghost,0.21,470.13,0.44,2,0.233,0.182,4,1880.52,39.76,-0.071,54,unscored
synthetic_0355,transport,Oyo,8,low,0.85,617.38,1.24,2,0.29,0.177,36,22225.68,646.1,-0.113,119,unscored
synthetic_0356,artisan,Anambra,6,high,4.19,39404.25,5.03,9,0.988,0.011,543,21396507.75,829322.01,0.184,821,high
synthetic_0357,transport,Rivers,23,medium,3.37,5208.19,4.21,2,0.682,0.086,1403,7307090.57,73883.63,0.009,613,medium
synthetic_0358,transport,Oyo,21,ghost,0.39,568.58,0.45,0,0.219,0.174,15,8528.7,94.45,-0.184,56,unscored
synthetic_0359,clothing,Kano,15,medium,2.91,12759.07,4.38,5,0.588,0.094,822,10487955.54,162603.96,0.086,581,medium
synthetic_0360,food,Kaduna,17,high,8.67,47202.91,6.39,7,0.848,0.016,4049,191124582.59,2614563.37,0.055,767,high
synthetic_0361,electronics,Kaduna,21,ghost,0.4,746.54,0.12,0,0.177,0.29,4,2986.16,33.07,-0.007,0,unscored
synthetic_0362,transport,Anambra,13,low,0.57,1268.98,2.01,3,0.509,0.074,64,81214.72,1452.86,-0.14,260,low
synthetic_0363,electronics,Kaduna,6,high,4.79,14128.33,6.25,9,0.753,0.025,772,10907070.76,422754.68,0.15,712,high
synthetic_0364,clothing,Oyo,22,medium,3.23,3032.26,4.8,3,0.765,0.042,1466,4445293.16,46990.41,0.073,673,high
synthetic_0365,clothing,Enugu,2,low,1.76,1842.99,3.76,1,0.283,0.199,56,103207.44,12000.87,-0.018,205,low
synthetic_0366,transport,Enugu,18,high,6.73,31053.48,6.86,6,0.942,0.016,3573,110954084.04,1433515.3,0.23,802,high
synthetic_0367,food,Kaduna,9,medium,3.24,4727.99,3.63,2,0.533,0.078,455,2151235.45,55587.48,0.098,572,medium
synthetic_0368,agriculture,Kano,14,low,0.97,2864.26,3.99,2,0.528,0.142,232,664508.32,11038.34,-0.05,448,medium
synthetic_0369,electronics,Anambra,1,high,6.79,40852.96,6.47,8,0.95,0.05,188,7680356.48,1786129.41,0.133,778,high
synthetic_0370,food,Kaduna,7,low,0.88,805.26,1.9,3,0.347,0.051,50,40263.0,1337.64,-0.005,214,low
synthetic_0371,electronics,Enugu,11,ghost,0.24,527.05,0.04,0,0.12,0.288,0,0.0,0.0,-0.065,0,unscored
synthetic_0372,artisan,Kaduna,2,low,0.95,3762.34,1.95,3,0.256,0.137,15,56435.1,6562.22,0.009,158,low
synthetic_0373,electronics,Rivers,21,medium,2.5,9873.96,3.56,2,0.759,0.08,803,7928789.88,87804.98,-0.003,655,high
synthetic_0374,artisan,Anambra,12,medium,4.85,4809.82,3.91,2,0.612,0.023,978,4704003.96,91162.87,-0.036,612,medium
synthetic_0375,electronics,Rivers,24,ghost,0.16,394.6,0.77,0,0.206,0.381,12,4735.2,45.88,-0.162,3,unscored
synthetic_0376,agriculture,Enugu,17,high,5.87,6981.35,6.7,6,0.833,0.044,2874,20064399.9,274478.79,0.071,747,high
synthetic_0377,clothing,Kano,7,high,5.66,19361.74,5.88,6,0.818,0.008,1001,19381101.74,643890.42,0.073,716,high
synthetic_0378,transport,Kano,18,medium,2.42,11156.6,3.85,3,0.551,0.045,721,8043908.6,103926.47,0.031,595,medium
synthetic_0379,artisan,Lagos,3,medium,2.54,9749.58,4.78,7,0.71,0.069,156,1520934.48,117901.9,0.073,640,medium
synthetic_0380,transport,Lagos,15,low,0.64,4110.58,3.1,1,0.387,0.153,127,522043.66,8093.7,-0.104,304,low
synthetic_0381,electronics,Rivers,6,low,1.5,4049.5,3.65,2,0.396,0.06,141,570979.5,22130.99,0.019,370,low
synthetic_0382,electronics,Oyo,19,high,4.62,41789.88,6.59,10,0.889,0.004,2487,103931431.56,1272110.55,0.11,810,high
synthetic_0383,artisan,Rivers,3,medium,4.44,9682.61,5.35,5,0.67,0.047,306,2962878.66,229680.52,-0.024,676,high
synthetic_0384,agriculture,Oyo,16,high,7.58,19642.01,5.2,12,0.794,0.048,2711,53249489.11,773975.13,0.064,740,high
synthetic_0385,agriculture,Lagos,3,medium,2.42,9549.98,5.26,2,0.727,0.073,164,1566196.72,121410.6,-0.006,624,medium
synthetic_0386,clothing,Kaduna,11,medium,4.38,10834.27,5.76,5,0.715,0.093,1193,12925284.11,273261.82,0.037,695,high
synthetic_0387,food,Kano,18,ghost,0.0,604.03,0.98,0,0.215,0.36,0,0.0,0.0,-0.205,0,unscored
synthetic_0388,artisan,Rivers,13,medium,2.63,4254.33,3.42,6,0.615,0.094,502,2135673.66,38205.25,-0.027,593,medium
synthetic_0389,food,Anambra,24,ghost,0.33,977.48,0.14,0,0.161,0.225,4,3909.92,37.89,-0.172,13,unscored
synthetic_0390,clothing,Rivers,17,medium,4.46,7001.29,3.68,5,0.681,0.066,1199,8394546.71,114836.48,-0.014,629,medium
synthetic_0391,food,Oyo,16,low,0.67,2666.9,3.07,1,0.469,0.129,141,376032.9,5465.59,-0.094,322,low
synthetic_0392,transport,Oyo,3,medium,3.89,10628.58,5.01,7,0.69,0.084,251,2667773.58,206804.15,-0.042,664,high
synthetic_0393,artisan,Oyo,24,medium,3.06,14710.89,3.88,3,0.511,0.094,1225,18020840.25,174620.55,0.059,573,medium
synthetic_0394,artisan,Oyo,6,low,1.48,1812.89,3.21,1,0.336,0.062,122,221172.58,8572.58,-0.094,286,low
synthetic_0395,food,Kaduna,4,low,1.87,3825.35,2.98,2,0.492,0.089,95,363408.25,21128.39,0.01,379,low
synthetic_0396,electronics,Lagos,5,low,1.73,4269.26,3.26,2,0.481,0.086,121,516580.46,24027.0,-0.108,374,low
synthetic_0397,food,Lagos,6,medium,3.43,8191.46,5.84,6,0.57,0.075,516,4226793.36,163829.2,-0.011,667,high
synthetic_0398,electronics,Enugu,15,medium,2.95,8893.29,5.87,2,0.775,0.071,1116,9924911.64,153874.6,0.015,666,high
synthetic_0399,food,Kano,21,low,1.19,3538.81,1.73,3,0.427,0.079,185,654679.85,7250.05,-0.114,383,low
synthetic_0400,agriculture,Lagos,3,high,4.59,9675.83,5.89,8,0.931,0.013,348,3367188.84,261022.39,0.057,799,high
synthetic_0401,transport,Kaduna,4,low,0.68,4353.98,1.39,3,0.479,0.147,16,69663.68,4050.21,-0.128,185,low
synthetic_0402,electronics,Rivers,22,ghost,0.32,930.43,0.28,1,0.173,0.3,8,7443.44,78.68,-0.217,27,unscored
synthetic_0403,food,Kano,9,high,4.42,49073.99,5.4,11,0.795,0.025,923,45295292.77,1170421.0,0.079,766,high
synthetic_0404,artisan,Kaduna,9,high,4.44,30710.51,5.5,12,0.755,0.025,945,29021431.95,749907.8,0.181,757,high
synthetic_0405,artisan,Oyo,1,medium,4.82,8378.83,4.31,7,0.734,0.083,89,745715.87,173422.3,-0.05,585,medium
synthetic_0406,artisan,Lagos,19,medium,4.97,6334.72,3.91,2,0.69,0.097,1587,10053200.64,123050.19,0.03,588,medium
synthetic_0407,agriculture,Anambra,6,low,1.95,3473.3,1.9,2,0.519,0.145,95,329963.5,12789.28,-0.023,313,low
synthetic_0408,clothing,Lagos,7,high,9.98,15731.83,5.78,13,0.911,0.025,1736,27310456.88,907324.15,0.243,793,high
synthetic_0409,agriculture,Lagos,13,high,8.84,35029.24,5.92,15,0.968,0.027,2925,102460527.0,1832925.35,0.198,831,high
synthetic_0410,artisan,Kaduna,1,medium,4.75,2595.42,5.1,3,0.504,0.071,104,269923.68,62772.95,0.073,496,medium
synthetic_0411,food,Lagos,16,low,1.42,784.0,1.61,2,0.493,0.197,157,123088.0,1789.07,0.045,309,low
synthetic_0412,clothing,Kano,7,low,1.39,2009.77,1.36,1,0.477,0.075,56,112547.12,3739.11,-0.101,242,low
synthetic_0413,agriculture,Oyo,13,low,0.52,2691.35,1.02,1,0.528,0.156,29,78049.15,1396.23,-0.011,204,low
synthetic_0414,artisan,Kaduna,5,medium,3.92,8800.13,4.24,3,0.683,0.023,357,3141646.41,146123.09,0.025,643,medium
synthetic_0415,food,Oyo,8,high,9.92,48955.62,6.24,13,0.877,0.023,2129,104226514.98,3029840.55,0.175,784,high
synthetic_0416,clothing,Kaduna,16,medium,2.48,13994.75,3.16,4,0.586,0.055,539,7543170.25,109639.1,0.071,597,medium
synthetic_0417,clothing,Anambra,1,medium,2.35,13636.03,5.16,6,0.674,0.054,52,709073.56,164900.83,0.085,493,medium
synthetic_0418,clothing,Lagos,8,low,1.8,2189.9,1.66,2,0.426,0.058,102,223369.8,6493.31,-0.028,269,low
synthetic_0419,clothing,Kaduna,12,ghost,0.1,214.49,0.69,0,0.07,0.133,3,643.47,12.47,-0.234,19,unscored
synthetic_0420,electronics,Oyo,6,low,1.46,3251.88,1.51,3,0.507,0.063,56,182105.28,7058.34,0.049,274,low
synthetic_0421,agriculture,Rivers,24,ghost,0.12,490.82,0.22,2,0.237,0.374,2,981.64,9.51,-0.003,11,unscored
synthetic_0422,agriculture,Enugu,17,high,7.19,26567.12,6.6,6,0.863,0.012,3468,92134772.16,1260393.6,0.162,769,high
synthetic_0423,agriculture,Lagos,1,medium,2.91,11142.96,5.57,7,0.675,0.098,69,768864.24,178805.64,-0.029,560,medium
synthetic_0424,electronics,Kaduna,15,low,0.5,3322.87,2.15,3,0.35,0.055,69,229278.03,3554.7,0.039,241,low
synthetic_0425,food,Oyo,11,low,0.58,4753.95,3.02,1,0.283,0.105,82,389823.9,8241.52,-0.115,198,low
synthetic_0426,food,Oyo,23,low,0.71,2007.18,2.62,3,0.394,0.191,183,367313.94,3713.99,-0.108,343,low
synthetic_0427,electronics,Oyo,22,medium,2.16,6846.58,4.36,6,0.658,0.03,890,6093456.2,64412.86,0.052,677,high
synthetic_0428,transport,Kano,22,ghost,0.4,946.79,0.07,1,0.022,0.217,2,1893.58,20.02,-0.251,0,unscored
synthetic_0429,clothing,Enugu,7,medium,3.88,5811.2,5.91,6,0.78,0.058,690,4009728.0,133213.55,0.061,722,high
synthetic_0430,food,Enugu,8,low,1.28,2011.45,2.74,3,0.444,0.099,120,241374.0,7016.69,0.018,320,low
synthetic_0431,electronics,Anambra,9,medium,3.12,5745.9,5.54,3,0.606,0.056,668,3838261.2,99179.88,0.089,637,medium
synthetic_0432,clothing,Enugu,23,low,1.5,1190.68,1.71,1,0.548,0.136,253,301242.04,3045.93,-0.109,359,low
synthetic_0433,clothing,Kano,15,medium,2.49,5920.28,5.76,5,0.779,0.081,925,5476259.0,84903.24,0.089,664,high
synthetic_0434,transport,Oyo,11,low,0.94,4531.9,3.91,3,0.45,0.17,173,784018.7,16575.45,-0.082,405,medium
synthetic_0435,agriculture,Oyo,4,medium,3.2,12931.4,4.34,2,0.598,0.069,238,3077673.2,178934.49,0.029,598,medium
synthetic_0436,clothing,Lagos,3,medium,3.34,10730.25,3.26,6,0.618,0.059,140,1502235.0,116452.33,0.027,551,medium
synthetic_0437,artisan,Kano,13,medium,2.85,6567.62,5.93,6,0.526,0.078,944,6199833.28,110909.36,0.099,651,high
synthetic_0438,agriculture,Rivers,24,ghost,0.07,628.46,0.09,0,0.076,0.397,0,0.0,0.0,-0.123,0,unscored
synthetic_0439,agriculture,Kano,14,high,6.77,30556.23,6.83,8,0.797,0.019,2783,85037988.09,1412591.16,0.161,764,high
synthetic_0440,electronics,Rivers,18,low,0.84,4060.49,1.46,2,0.537,0.175,94,381686.06,4931.34,0.029,252,low
synthetic_0441,clothing,Lagos,4,low,1.24,4867.81,2.8,2,0.424,0.135,59,287200.79,16697.72,-0.055,270,low
synthetic_0442,food,Kano,17,low,0.53,1667.92,2.74,1,0.346,0.182,106,176799.52,2418.6,-0.095,241,low
synthetic_0443,electronics,Kano,17,low,0.62,1372.17,2.88,1,0.43,0.075,130,178382.1,2440.25,0.019,295,low
synthetic_0444,electronics,Kaduna,23,low,0.64,3110.21,3.47,1,0.291,0.092,219,681135.99,6887.12,0.034,352,low
synthetic_0445,clothing,Enugu,18,low,1.75,2865.44,2.6,3,0.461,0.17,352,1008634.88,13031.46,-0.127,427,medium
synthetic_0446,food,Rivers,12,medium,3.09,12621.5,5.67,6,0.657,0.098,904,11409836.0,221120.85,-0.004,684,high
synthetic_0447,agriculture,Anambra,10,high,4.78,8537.22,6.38,6,0.769,0.039,1311,11192295.42,260285.94,0.201,740,high
synthetic_0448,transport,Oyo,2,medium,4.73,2562.66,3.9,2,0.726,0.083,158,404900.28,47081.43,-0.019,572,medium
synthetic_0449,agriculture,Kano,19,medium,2.48,8508.25,5.19,3,0.651,0.025,1051,8942170.75,109451.29,0.064,649,medium
synthetic_0450,electronics,Anambra,18,high,8.35,46590.44,6.84,12,0.842,0.029,4420,205929744.8,2660591.02,0.138,786,high
synthetic_0451,clothing,Rivers,4,low,0.97,2596.56,2.56,2,0.479,0.156,42,109055.52,6340.44,-0.084,237,low
synthetic_0452,electronics,Rivers,20,low,1.53,4284.91,1.68,2,0.337,0.178,221,946965.11,11011.22,0.018,338,low
synthetic_0453,agriculture,Rivers,22,high,6.63,34634.67,5.17,7,0.849,0.035,3242,112285600.14,1186951.38,0.246,733,high
synthetic_0454,electronics,Anambra,11,medium,4.53,7255.76,3.7,5,0.718,0.042,792,5746561.92,121491.8,0.037,650,high
synthetic_0455,artisan,Kaduna,20,ghost,0.49,560.27,0.15,1,0.027,0.175,6,3361.62,39.09,-0.27,0,unscored
synthetic_0456,food,Enugu,3,medium,2.08,4328.24,4.81,4,0.546,0.07,129,558342.96,43282.4,-0.039,520,medium
synthetic_0457,agriculture,Rivers,16,medium,3.63,12523.26,4.62,2,0.786,0.023,1153,14439318.78,209873.82,0.087,657,high
synthetic_0458,artisan,Rivers,15,high,5.06,34673.5,6.56,7,0.873,0.007,2140,74201290.0,1150407.6,0.193,762,high
synthetic_0459,transport,Rivers,16,low,0.73,750.82,1.79,3,0.541,0.143,89,66822.98,971.26,-0.086,261,low
synthetic_0460,food,Anambra,12,medium,4.23,2349.7,5.67,4,0.614,0.054,1237,2906578.9,56329.05,0.012,645,medium
synthetic_0461,food,Kaduna,3,ghost,0.06,252.8,0.54,0,0.115,0.359,0,0.0,0.0,-0.091,0,unscored
synthetic_0462,transport,Lagos,11,medium,3.17,9443.0,5.42,2,0.707,0.036,812,7667716.0,162108.16,0.072,640,medium
synthetic_0463,clothing,Rivers,21,low,1.68,4281.71,2.61,2,0.33,0.095,395,1691275.45,18729.52,-0.025,431,medium
synthetic_0464,agriculture,Enugu,19,high,6.02,8027.14,6.6,12,0.857,0.017,3246,26056096.44,318924.07,0.065,791,high
synthetic_0465,artisan,Rivers,9,low,1.18,3935.49,1.54,1,0.438,0.127,70,275484.3,7118.46,-0.018,218,low
synthetic_0466,artisan,Kano,21,medium,3.84,11998.55,4.3,6,0.718,0.025,1491,17889838.05,198115.59,0.019,684,high
synthetic_0467,artisan,Kano,3,low,1.77,1701.21,1.86,1,0.327,0.14,42,71450.82,5538.82,-0.112,136,unscored
synthetic_0468,electronics,Rivers,16,low,1.15,3411.15,1.11,1,0.332,0.054,87,296770.05,4313.52,-0.04,237,low
synthetic_0469,food,Lagos,3,medium,2.89,2826.56,5.87,4,0.702,0.091,218,616190.08,47766.67,0.076,665,high
synthetic_0470,transport,Kaduna,17,ghost,0.26,846.08,0.95,2,0.063,0.365,18,15229.44,208.34,-0.201,0,unscored
synthetic_0471,agriculture,Kaduna,8,ghost,0.11,196.13,0.21,1,0.11,0.176,0,0.0,0.0,-0.015,3,unscored
synthetic_0472,electronics,Oyo,14,medium,2.74,5610.54,5.35,3,0.609,0.077,882,4948496.28,82200.93,-0.047,635,medium
synthetic_0473,food,Kaduna,22,medium,3.66,6020.49,5.88,4,0.771,0.075,2035,12251697.15,129510.54,-0.015,671,high
synthetic_0474,artisan,Kano,10,high,8.94,15595.72,5.42,7,0.979,0.032,2083,32485884.76,755485.69,0.226,803,high
synthetic_0475,artisan,Rivers,24,medium,4.52,11326.02,5.63,2,0.747,0.076,2626,29742128.52,288198.92,0.003,638,medium
synthetic_0476,agriculture,Kano,15,low,1.64,3386.18,1.55,2,0.487,0.07,163,551947.34,8557.32,-0.087,372,low
synthetic_0477,agriculture,Enugu,5,low,1.53,4066.89,1.96,2,0.512,0.07,64,260280.96,12106.09,-0.084,303,low
synthetic_0478,food,Rivers,12,high,9.26,47514.07,6.77,8,0.755,0.001,3234,153660502.38,2977916.71,0.162,741,high
synthetic_0479,clothing,Lagos,13,low,1.4,1171.63,3.87,1,0.534,0.068,302,353832.26,6329.74,0.034,433,medium
synthetic_0480,agriculture,Rivers,4,medium,2.61,14298.68,5.44,4,0.586,0.06,244,3488877.92,202841.74,0.078,626,medium
synthetic_0481,artisan,Anambra,14,low,0.54,4892.58,1.71,2,0.522,0.105,55,269091.9,4469.97,-0.148,270,low
synthetic_0482,electronics,Kaduna,13,low,1.57,3688.04,3.21,2,0.272,0.134,281,1036339.24,18539.16,-0.056,358,low
synthetic_0483,transport,Kaduna,24,low,0.51,2770.44,2.14,2,0.451,0.07,112,310289.28,3006.68,-0.114,279,low
synthetic_0484,artisan,Kano,15,high,5.9,28869.07,5.28,6,0.828,0.049,2009,57997961.63,899193.2,0.15,694,high
synthetic_0485,electronics,Oyo,9,medium,3.31,4144.79,5.21,5,0.729,0.032,667,2764574.93,71436.04,0.049,700,high
synthetic_0486,clothing,Lagos,8,high,6.82,12359.97,5.93,6,0.999,0.046,1391,17192718.27,499788.32,0.058,756,high
synthetic_0487,clothing,Lagos,12,high,9.21,13129.47,5.34,13,0.956,0.028,2537,33309465.39,645532.28,0.183,808,high
synthetic_0488,transport,Anambra,14,ghost,0.12,548.3,0.09,1,0.006,0.304,0,0.0,0.0,-0.015,0,unscored
synthetic_0489,food,Rivers,23,low,1.18,4798.41,2.78,1,0.349,0.057,324,1554684.84,15719.77,0.039,382,low
synthetic_0490,transport,Anambra,7,ghost,0.4,354.66,0.8,2,0.018,0.386,9,3191.94,106.04,-0.01,0,unscored
synthetic_0491,clothing,Anambra,13,low,0.93,3886.51,2.96,1,0.34,0.17,153,594636.03,10637.5,0.031,300,low
synthetic_0492,electronics,Kaduna,4,low,1.27,2703.3,3.66,2,0.331,0.14,79,213560.7,12416.32,-0.076,255,low
synthetic_0493,transport,Kano,15,low,1.47,3711.36,3.79,3,0.439,0.129,359,1332378.24,20657.03,0.031,447,medium
synthetic_0494,clothing,Anambra,22,ghost,0.42,570.78,0.3,0,0.138,0.375,11,6278.58,66.37,-0.161,0,unscored
synthetic_0495,electronics,Kano,19,high,7.02,10127.1,6.32,7,0.947,0.042,3624,36700610.4,449211.88,0.059,759,high
synthetic_0496,agriculture,Rivers,22,medium,4.42,6437.35,5.75,3,0.563,0.026,2404,15475389.4,163587.63,-0.011,640,medium
synthetic_0497,food,Anambra,21,medium,4.08,13294.15,5.9,6,0.718,0.044,2173,28888187.95,319913.49,0.043,702,high
synthetic_0498,agriculture,Rivers,10,high,4.81,13586.09,6.63,8,0.965,0.01,1371,18626529.39,433175.1,0.18,814,high
synthetic_0499,electronics,Enugu,15,high,6.53,10240.65,6.8,12,0.991,0.024,2864,29329221.6,454716.61,0.222,830,high
